query_id	judged_doc_count	dataset_missing_docids	turndown_missing_docids	jina_missing_docids	common_missing_docids
1	4				
3	8				
5	4		58586	58586	58586
6	4				
7	11			96289	96289
8	4				
10	5			89186	89186
11	4				
12	7				
15	3		14434	14434	14434
18	4				
20	9		4689,19071,78657	4689,19071,78657	4689,19071,78657
22	12				
23	9			44860,85721	44860,85721
25	9				
26	5		11992,64576	11992,64576	11992,64576
27	9				
30	1				
33	8				
36	10				
37	3				
39	9				
41	7				
46	6			96908	96908
49	5		55733	55733	55733
50	5				
51	7				
52	9		5409,37532,46080,57982,83696	5409,37532,46080,57982,83696	5409,37532,46080,57982,83696
53	6		89676	89676	89676
54	7				
55	6				
56	5			74377	74377
58	8				
59	5				
60	4				
61	4				
62	11				
63	8				
64	4		50486	50486	50486
67	2				
68	3				
69	3				
70	11				
71	5			94258	94258
72	9				
74	6		50713	41236,50713	41236,50713
78	7				
79	4		7290,18663	7290,18663	7290,18663
81	2				
82	9		56828	56828	56828
83	6				
85	10		50273	50273	50273
86	5		39935	39935	39935
87	5				
88	6		27158	27158	27158
89	10				
90	11				
92	9				
93	4		182,1620	182,1620	182,1620
95	8				
96	6		63195,64110	63195,64110	63195,64110
97	6				
98	4				
100	6				
102	5			8372	8372
103	7				
105	4				
106	12		10078	10078	10078
107	6				
109	5				
110	5		40479	40479	40479
111	5				
113	2		12968,74817	12968,74817	12968,74817
116	4				
119	4				
120	3		37015	37015	37015
121	7				
122	4				
124	3				
125	7				
126	7				
127	6		8508	8508	8508
128	8				
130	3				
131	6				
132	6				
134	7				
138	7				
140	2				
149	5				
152	6			57008	57008
153	3				
154	3		63970,66466	63970,66466	63970,66466
155	5				
156	3				
159	4		9170	9170	9170
160	7				
161	6			37926	37926
165	6		57785,85689	50798,57785,85689	50798,57785,85689
166	4				
168	8				
169	10				
170	9			78536,99682	78536,99682
171	4				
174	8				
175	5				
176	9				
177	5				
178	4		45588,84381	45588,84381	45588,84381
179	8				
180	10				
181	5		41718	41718	41718
183	3				
184	3				
186	6				
190	11				
191	6		28646,80098	28646,80098	28646,80098
192	5		54986	54986	54986
193	4			1601	1601
194	7				
196	4				
199	7				
200	6				
201	3		2878	2878	2878
202	4				
203	3		18694,46563	18694,46563,47535	18694,46563,47535
205	3				
206	9				
209	4				
210	3				
211	5				
215	4				
216	9		66119,66818	66119,66818	66119,66818
219	8		35891,58631	35891,58631	35891,58631
221	3				
223	5				
226	7			80527	80527
228	6				
229	5		92645	92645	92645
231	8				
233	5				
234	5				
235	7				
236	4				
237	3				
238	4		7062	7062	7062
239	6		48837	48837	48837
240	6				
241	6				
242	8				
244	2				
245	4		22325,94062	22325,94062	22325,94062
246	9			95241	95241
248	7				
249	4				
250	5				
251	5				
253	8				
254	6				
255	4				
256	7				
257	5				
261	4		28761	28761	28761
262	3		63409	63409	63409
263	7				
264	6		29480,63277	29480,63277	29480,63277
265	4			1753,9660,17559	1753,9660,17559
266	1				
267	6		127	127	127
268	10				
270	4				
275	5				
276	4				
278	5				
279	5				
280	8				
282	4				
283	9				
284	10				
285	6		49399	49399	49399
286	3				
287	3		85242	85242	85242
288	5				
289	4				
291	4				
293	4				
294	4		7126	7126	7126
295	10				
297	8		77093	77093	77093
298	10				
299	10		97387	97387	97387
301	5				
303	7				
304	7				
305	8				
308	7				
309	3		18128	18128	18128
310	2				
311	8				
314	3				
315	5				
317	2				
319	6				
320	5				
322	5				
323	4				
324	9				
327	8				
328	9				
330	6				
331	5				
333	3				
335	6				
337	5				
342	11				
347	6		46759	46759	46759
349	4				
350	8				
351	7		7874	7874	7874
353	3				
354	2				
356	2				
357	6				
362	7				
364	8		47063	47063	47063
366	9		53446	53446	53446
367	4				
370	4				
371	7				
372	5				
376	5				
377	9				
380	9			43463	43463
383	8		55612	55612	55612
384	10				
387	5				
389	10			5352	5352
390	4				
391	8				
392	10		27248,98900	27248,98900	27248,98900
393	6				
394	7		82093	65176,82093	65176,82093
395	9			69980	69980
396	6				
397	6		50768	50768	50768
401	4				
402	3				
403	9				
405	9				
406	5				
408	8		17552,17898	17552,17898	17552,17898
409	6				
410	6				
411	10		50930,55776	50930,55776	50930,55776
413	8				
414	3			92856	92856
416	6				
417	4			17369,23599,80876,89624	17369,23599,80876,89624
418	4		65035	65035	65035
420	4		36645,43302	36645,43302	36645,43302
421	8			6014	6014
422	10		64841,97993	64841,97993	64841,97993
424	6				
425	9				
426	5				
427	5		18334	18334,81954	18334,81954
428	9		48230	48230	48230
429	6			4694	4694
432	11		71115	71115	71115
433	9			34097,75186,86053	34097,75186,86053
434	8				
435	10				
436	7				
438	5				
442	6			18896,30148,61171	18896,30148,61171
443	5				
445	7				
446	8				
449	10		27556,94603	27556,78401,94603	27556,78401,94603
450	9		58614	58614	58614
454	4				
464	9				
467	5		5898,8662	5898,8662	5898,8662
468	3		1426	1426	1426
469	4				
470	5				
471	5		12516	11477,12516	11477,12516
472	5				
473	2				
478	5				
480	8		40471,75172	40471,75172	40471,75172
481	5				
483	6				
484	3		28465,86435	28465,86435	28465,86435
485	7		9823,62365	9823,62365	9823,62365
486	11				
487	11				
490	4				
491	7				
493	6				
494	6				
495	2				
496	5				
497	9				
498	5				
499	7				
500	5				
501	6				
502	2			44045	44045
503	10				
505	8				
506	4				
507	3				
509	8		88026	88026	88026
511	5				
512	6				
513	7				
514	7				
515	8				
516	6			87310	87310
517	8				
519	7				
520	5				
521	9				
523	10			13281	13281
524	4				
525	9	10395	10395	10395	10395
527	7				
528	7			50583	50583
529	6				
530	8				
532	4				
533	5				
534	9		80278	80278	80278
535	7		60046	60046	60046
537	6		77808,93941	77808,93941	77808,93941
538	11				
539	6				
540	8				
542	6				
543	6				
544	8		31422	31422	31422
546	7				
548	10				
549	2				
550	3				
551	8				
552	5		74790	74790	74790
553	6				
555	8				
556	3		50715	50715,84412	50715,84412
558	6		20026	20026	20026
560	7		96157	96157	96157
561	7				
562	4				
563	4				
568	9		35692	35692	35692
569	4				
570	8				
571	4			19515,71591,77648,94585	19515,71591,77648,94585
572	4				
575	5				
576	4				
577	2		27374,74604	27374,74604	27374,74604
579	6				
580	5				
581	3				
582	9		74180,81260	74180,81260	74180,81260
583	3				
584	4		11056	11056	11056
587	5				
588	3		17210	17210	17210
590	8			20880	20880
591	6				
592	8				
593	4				
594	5				
595	5				
596	7		23829	23829	23829
598	6				
599	3				
600	3				
601	6				
602	7			55283	55283
603	7				
605	3				
607	4			66885	66885
610	3				
611	6				
614	6			56869,59177,69505	56869,59177,69505
618	13				
619	5				
620	5				
621	6			55269	55269
624	4		63762,67367,74144	63762,67367,74144	63762,67367,74144
625	6				
627	3		22294,29578	22294,29578	22294,29578
628	6				
629	6				
630	6				
631	4		36831,75850	36831,75850	36831,75850
632	5				
633	5				
635	4		332,33399,94439	332,33399,94439	332,33399,94439
636	3				
637	4				
638	6				
639	7			13127	13127
642	8				
643	4		17183,59631	17183,59631	17183,59631
644	5				
645	5				
650	4				
651	5		8442,98083	8442,98083	8442,98083
652	5				
653	3				
655	1				
661	7				
662	8				
664	5				
665	4				
666	8		23285	23285	23285
669	6				
670	6				
671	3				
672	5		8702	8702	8702
673	4				
674	4				
675	7				
678	4				
679	6		64746	64746	64746
681	10				
682	2				
684	10		59894	59894	59894
685	8				
686	6				
688	4				
689	8				
692	2				
694	5		16065	16065	16065
695	6				
696	5				
700	7				
701	9			53373,65202	53373,65202
702	10		3898	3898	3898
703	6			13344,31619	13344,31619
706	3				
707	8				
708	4				
709	9		34090	34090	34090
710	4				
711	6				
712	6				
713	7				
714	5				
715	2				
716	5		50007	50007	50007
717	10			47477	47477
718	6				
719	7				
720	10				
722	8				
723	6				
724	8				
725	8				
726	7				
728	5				
729	4				
730	6		40260	40260,56041	40260,56041
731	4				
732	10				
734	6				
735	2				
737	8		22466,86532	22466,86532	22466,86532
738	7				
739	7				
741	3				
742	2				
744	5				
745	9			10888,84888	10888,84888
746	6				
747	7		36701	36701	36701
749	4				
751	7		15523	15523	15523
753	9			3712,53330	3712,53330
754	3				
756	4				
757	5			35940	35940
758	4				
759	8				
760	7			54470,74129,86643	54470,74129,86643
761	2		12217,72685	12217,72685	12217,72685
763	7		17160,33678,45089	17160,33678,45089	17160,33678,45089
764	8		79541	53482,79541	53482,79541
768	8				
769	6				
770	9				
771	6				
772	5			92455,94939	92455,94939
773	3				
774	7				
775	6				
776	6		78189	78189	78189
778	4		21038,42179	21038,42179	21038,42179
781	3				
783	3				
784	5				
785	4				
786	3				
787	9		79213	79213	79213
788	7			6743,56188	6743,56188
790	2				
791	8		19634	19634	19634
792	5		71251	71251	71251
793	3				
794	2				
796	5				
797	6				
798	9				
800	5				
801	9				
802	9				
804	10				
805	9				
806	4				
809	6				
810	4				
811	5				
814	9			68406	68406
815	9				
816	9				
819	5				
820	4		51655	51655	51655
821	3				
822	9			27198,67534	27198,67534
823	5				
826	8		4253	4253	4253
827	6				
828	8				
830	6				
832	6			43283	43283
833	9				
834	7				
835	7				
836	10				
838	9		71680	71680	71680
840	5				
843	7		69717	7253,69717	7253,69717
844	6				
847	5				
850	3				
851	8		7850	7850	7850
852	10		48342	48342	48342
853	2				
854	8				
856	4		3624	3624	3624
861	4				
863	9				
864	6				
865	10		60527	60527	60527
867	8			100018	100018
869	8		34297,80690	34297,80690	34297,80690
870	3				
871	9				
872	4			29405	29405
873	8				
875	9				
876	5		32260,66034	32260,66034	32260,66034
882	4				
883	9			84238	84238
884	4				
885	9				
886	6		43857	43857	43857
887	6				
893	8				
894	5		64485,89533	64485,89533	64485,89533
895	7		44808,54670	44808,54670	44808,54670
896	7			19040,26851	19040,26851
897	9			25565	25565
898	5				
899	5			55337,69192	55337,69192
904	6				
905	5				
906	5				
907	6		12090	12090	12090
909	2				
910	5		66200	66200	66200
912	4		38929,49738	38929,49738	38929,49738
915	7				
916	4				
919	8				
920	10				
921	5				
922	3				
923	6				
925	7				
926	4				
927	5				
928	4		100192	100192	100192
930	5		27330,52480	27330,52480	27330,52480
932	8		67235	67235	67235
934	7				
936	3		67422	67422	67422
941	3				
942	9				
943	3				
944	7		29165,76644	29165,76644	29165,76644
946	5				
947	8				
948	3				
950	8				
951	4			70894	70894
952	3				
959	6				
960	3				
961	7				
962	10				
963	5		56120	56120	56120
966	7				
968	4				
969	3				
970	9			15905	15905
971	7		9900,48545,95857	9900,48545,95857	9900,48545,95857
972	8		31706,35014	31706,35014	31706,35014
976	4				
978	7			3566	3566
979	9				
980	4				
981	8				
983	7				
984	5				
985	7				
986	10				
987	8				
991	6				
992	8				
996	7				
998	9				
999	5				
1000	3				
1002	3				
1003	5		87916,90475	87916,90475	87916,90475
1004	3				
1005	9		65963	65963	65963
1007	5				
1008	9				
1010	8				
1012	4				
1015	7		92745	92745	92745
1016	10			286,19601,70130	286,19601,70130
1018	8			29053	29053
1019	9				
1020	3				
1021	6		40347	40347	40347
1022	7				
1023	8				
1025	7				
1026	5			28316	28316
1027	4			41773	41773
1028	8				
1029	8				
1030	3				
1032	2			56046	56046
1033	5				
1034	5				
1035	8				
1036	3				
1037	3				
1038	4		36249	36249	36249
1039	4		94202	94202	94202
1040	5				
1041	10				
1042	4				
1043	4				
1044	3				
1045	9		8314	8314,44422	8314,44422
1046	8				
1047	7				
1048	9		43800	43800	43800
1049	6		8214,11646	8214,11646	8214,11646
1052	7				
1053	2			78028	78028
1055	5				
1057	3		5868	5868	5868
1058	5				
1060	8				
1061	5				
1062	3				
1063	9				
1065	4		8572,87874	8572,87874	8572,87874
1066	4				
1068	5			89423	89423
1071	8		9328	9328	9328
1072	8		51882	51882	51882
1073	4				
1076	8				
1077	7		5801	5801	5801
1078	4				
1079	8				
1081	9				
1082	5		63976	63976	63976
1083	7		46540	46540	46540
1085	5				
1089	3				
1090	5				
1091	7				
1092	3				
1093	7				
1094	4				
1095	9		74320	69395,74320	69395,74320
1096	3				
1097	6		100178	100178	100178
1098	7				
1099	7				
1101	4		68273	68273	68273
1103	5			32740	32740
1105	9		37608	37608	37608
1106	9				
1107	4		1498	1498	1498
1108	5				
1110	6				
1111	5				
1115	7				
1117	7		84250	84250	84250
1118	6				
1119	5				
1121	6				
1122	7				
1124	7			70894	70894
1126	7				
1127	2		86987,99136	86987,99136	86987,99136
1128	7				
1131	8				
1133	7			55242	55242
1134	9				
1135	7				
1138	3		16916,19563,39087	16916,19563,39087	16916,19563,39087
1139	6		5986	5986,28943	5986,28943
1141	7			14270	14270
1142	6		29746,92256	29746,92256	29746,92256
1144	3			80097	80097
1147	6				
1148	5		24625	24625	24625
1149	7				
1150	8				
1152	8		89508	89508	89508
1153	5			24779	24779
1155	4				
1158	8				
1161	4				
1162	9				
1163	4				
1164	10		57726	57726	57726
1167	6				
1169	7				
1172	6				
1174	10				
1176	8				
1177	8				
1179	7				
1182	9			66607	66607
1184	6				
1185	3				
1187	9				
1188	9				
1190	12				
1191	7				
1192	9		15745	15745	15745
1193	8				
1194	10				
1195	7				
1196	4				
1198	7				
1200	9				
1201	5				
1203	8				
1204	5				
1206	3		27213	27213	27213
1207	9				
1208	6				
1209	8			86440	86440
1210	5				
1211	6				
1212	5				
1213	6			3930	3930
1214	9				
1215	8				
1216	5				
1217	12				
1218	7		23372	23372	23372
1219	9				
1220	11		39364	39364	39364
1221	6		91604	91604	91604
1222	6		88351	88351	88351
1223	9			17909	17909
1224	8		71457	71457	71457
1225	10				
1226	4				
1227	9		26173,58687,68914	26173,58687,68914	26173,58687,68914
1228	8				
1230	6		98819	98819	98819
1231	4				
1232	5			40392	40392
1233	5				
1234	10				
1235	10				
1236	8				
1237	8				
1238	4				
1239	9			59761	59761
1240	9				
1242	5				
1243	6				
1246	8		8310	8310	8310
1247	8		78663	78663	78663
1248	10				
1249	5				
1250	6		20818	20818	20818
1252	8		19476	19476	19476
1253	8				
1254	7				
1257	5			97679	97679
1258	11				
1259	9		29087,44327	29087,44327	29087,44327
1260	9				
1262	4				
1263	4				
1264	4				
1265	8		76319	76319	76319
1266	6				
